Source_ID,Record_Count,Date_Min,Date_Max,Expected_Curated_Content_SHA256
SRC001,10010,2003-01-02,2007-12-27,bdd7db3f9ec40d19e89b8af043981d4de45b215280a2ba29fad29d819d9195bf
SRC002,11091,2008-01-03,2012-12-28,2ed2d10f6f6b601b9ebc766532f21df38c243faa64e00bac5ad9d3d24c010e5b
SRC003,7835,2013-01-02,2015-12-23,cc1e270f99441d6e601baeb37e354c82f322c1fe009a913b02e7f2c6b8e09ab1
SRC004,7937,2016-01-03,2018-12-27,a19395389223ce9214ed26dfe200a8c5247a22bb5efb149b56674ad76b899159
SRC005,441,2019-01-03,2019-03-28,ef0779a864908fad39018f3d5b641f32e503c3e14ef317b9173f2ec16cb7f9e3
SRC006,459,2019-04-01,2019-06-26,7b11eeed5e1f610a7e2230bd8b82e968e084981296b0c7feb42d1fe96dd3c171
SRC007,498,2019-07-01,2019-09-30,d4178595b4ab0620c52aabf5cd8accce2ddf765d08e191bbcee733d362ba45bf
SRC008,514,2019-10-01,2019-12-24,51bac4eec5e1eab5c01e695c580bfb3d9aaaf89a50a64ea5f6d1733ec2dd2d8d
SRC009,669,2020-01-02,2020-03-25,4bf6189b708fd8f5604a82fecc3d87ca66cb747dda3433a3028d32f50b5f27d1
SRC010,707,2020-04-01,2020-06-25,0594b15917139e6a81aeda1e0f95f0fc4e993a195896070d616949d906cb6cfe
SRC011,733,2020-07-01,2020-09-28,00881dc3562c99597c0e4e92927f04193af306be4d5fbf51fc9c14488d36421f
SRC012,651,2020-10-01,2020-12-22,5120afe69c96c0a3fa32e56e861d6172d6356240333e60227e23ca6ea9be0b32
SRC013,560,2021-01-04,2021-03-31,bef86bab5e5962f45fda87c4470f6847f29fa38f254439d78ae728a50e83a2f6
SRC014,309,2021-04-01,2021-04-28,15c06a9020b40c47ba0c354c4d39ac5fe0db3bd690b9e602e327d2277e01359e
SRC015,215,2021-05-03,2021-05-28,3aafe22bf188bbbb2fdcb3b51ae14af50644b0953d4e1285091fc846d8eb80fd
SRC016,152,2021-06-01,2021-06-25,f2db966c2f9bd418b1198ddb9986d4a7ab3247c9e64fb329c684690b0474c0bb
SRC017,118,2021-07-02,2021-07-27,e698d2387e054c9c8ed194dee1d09460b39c83c795fe6f48c23cc1740e13725a
SRC018,82,2021-08-02,2021-08-17,7c5982f4130b25af37cb797cc2ed786d14dfe38400a059e17a362e6af9f71ed3
SRC019,93,2021-09-01,2021-09-22,4f0ac6f3137d5c9897bb552fbf3910a6b8fb0c4c895fb11712a4f8d4ad44b93e
SRC020,100,2021-10-04,2021-10-26,2975ccba63902f51f8d7ef8a4ed6ab08dbf874a9ee6132cbcbbc0003ed8d68a0
SRC021,70,2021-11-01,2021-11-25,d19a577d20d17a454b0c1d8d10dc38e462d23ae5368dd830e80d4bbb91ad63e6
SRC022,283,2021-12-01,2021-12-22,f18c7aaa9fd91c582818a0bcd6127a47fbf24779f1baf261a0e4fc0db64d9246
SRC023,148,2022-01-04,2022-01-26,3006735f2bd3ab6a442c631d5935bfd189abd006a3bacbc38ce6defa4d5d4932
SRC024,379,2022-02-01,2022-02-23,76df6bc8651340e3b17f090de676c677dcd584c3bf003a25a0063c602f396f0c
SRC025,184,2022-03-09,2022-03-30,22f13c851111a3437d9a508aef7a46aec4be16bc79e714dca3f27e27cc69cac0
SRC026,307,2022-04-04,2022-04-27,567a2aa8131af050acd0770c0c10d610712221193ffc312861e0d538bcebe45f
SRC027,346,2022-05-02,2022-05-31,695dcd4f8df665e36a7459dc709f8a09cfb5b84f51a70ba9a0f183e84335caf8
SRC028,364,2022-06-01,2022-06-28,6cd50a270ae9500777c1bfc044e912a2c37992633c0773e4e9063df6085d38ef
SRC029,298,2022-07-01,2022-07-28,77de257e0f88a708282a7e578fae6c61eda23acff9aa036648bdc80476321ac1
SRC030,92,2022-08-01,2022-08-23,78836c1730d0eb2d616903e78742bc69102cfa03404386d8105bd7d302790faa
SRC031,41,2022-09-05,2022-09-20,182798dfe9a52b5f014834041a5946f3d46a99aa65f3de8029e20a565529521e
SRC032,82,2022-10-03,2022-10-25,c1bde40435d42eeb2edc4ca72540d7678641b37fc2ebec2277f96be3f246df39
SRC033,40,2022-11-01,2022-11-21,0e218476e150d8cdc9b7e7797c4c7da294bc1f3b55f9c37a6a248c6f99c2bd32
SRC034,180,2022-12-05,2022-12-21,b31fdd5173ea5599bdcea2144ccfd0df734e180be3a32c536ac9d2c2172673ef
SRC035,58,2023-01-04,2023-01-23,48b1cfbbe24d6b3d0a5ccc4fd451641dddd44c5a47c76cd1d9bb9cca892e63f4
SRC036,64,2023-02-01,2023-02-22,800889cff130a7bc265905830bb527e97eac93e85758419361ee87a3d59b7f2e
SRC037,57,2023-03-06,2023-03-28,4ad6f6bea56b8546fbe0b33515f55b50b118c101ce069ebe4a4ab9233f62d308
SRC038,60,2023-04-03,2023-04-25,2f4bf5d9d934a6183e99f022ee4719fd393e92c8123c5bb7a20c9593d6e0b87b
SRC039,59,2023-05-01,2023-05-23,0003dbd63423256c3f5fdde49f28d55c7b070847c392b3e33a807c8e75e1aed2
SRC040,46,2023-06-05,2023-06-20,a668727149430051626a587d049916396a6fa5e4d0c2598b7c6a71327604a635
SRC041,301,2023-07-03,2023-07-25,65e15dd2ac57ea08c0ef1c6276bb9e50cd4bf49d9cef2ab0b21dee35059979a0
SRC042,420,2023-08-01,2023-08-29,014e5145f34baa1f84a54f7e4b3557e8098fb00daaeb967524d8b8eb21dea7fb
SRC043,65,2023-09-04,2023-09-20,b745fcaf39d33842bb375f3a1017055d46ccfa32f56e1d8f60682c2780bcbe47
SRC044,165,2023-10-02,2023-10-26,b1e6b0e2c1f52adf196d656a20c6a21df8d974cf0e6003aaa97eda9e9b682cca
SRC045,216,2023-11-01,2023-11-28,39ee823ead87dc00f7ad7d06fc870fb6a381b08c09a066aac4c6e79f9ea1801c
SRC046,344,2023-12-01,2023-12-25,dfadfcef4a63eda9f2b7ea3b72c8da00a7b6cbb8e15b31904351301f8572f9ac
SRC047,400,2024-01-02,2024-01-31,02e435cc70aaea06bb6b2b047edcff0ebd2c92f9f1235e16a2860eff5e964f7c
SRC048,95,2024-02-05,2024-02-21,cfc540e03467fa6f4f8704ad37ee23b940eea7bc5e9769489225ecccc37e8c11
SRC049,116,2024-03-04,2024-03-25,fb11b4f63ac88f5ab65642e3bb0e0e5821b3adea288f8eaad55d3966ae7510cb
SRC050,197,2024-04-01,2024-04-22,7fc5fb68b60b1751e512ace3ef7651df60d73a044844eb94362a303e3094a6f2
SRC051,99,2024-05-01,2024-05-27,f29b6fc6e282c3594f026dac5c80a623e21515ae077ecc34c3481cb2cb414af4
SRC052,189,2024-06-03,2024-06-19,deb22a1206fd5a7c0375ce0ef256ddd5cce0ca9683fc14af4d1ad6a55476cb47
SRC053,168,2024-07-01,2024-07-23,bbfda78f2cee497089a3479d77e42bb97b4ee810f7ea5619990976c7a737df45
SRC054,331,2024-08-03,2024-08-31,d13cae7fb90606523871bd964f716c53278d346d176786c469018c7a7fb1317f
SRC055,887,2024-09-01,2024-09-30,5ef213e72bffeacb4d54adedcf9f197260a67e0351a451cb0f4a8744b8da0461
SRC056,479,2024-10-01,2024-10-28,7498492f920384c953b29f97560d799156100d76be84cc72af6be28e4d3ecb02
SRC057,336,2024-11-04,2024-11-25,8d0d6434e00db396ce5338c8ee50d88b7cd288c92592919c59ac262dc76575ff
SRC058,382,2024-12-02,2024-12-24,bd82791159cfc2769ad84d41373edab253d30a43ac0fe32ad90ffbd66c663a9a
SRC059,249,2025-01-04,2025-01-30,da4d94d96df7f6bb3db408e112c73e23e1c93858728a2ad9979bb085f077916c
SRC060,279,2025-02-01,2025-02-19,76fbea28cd7d3cf59dcc7fb0446f519d0b540a3490b6be76477ec779e883f49f
SRC061,529,2025-03-03,2025-03-30,b820e996cc4f4098727fdf8ad75a4eb8f4486dea134548d5c6a3508bd947eeea
SRC062,531,2025-04-01,2025-04-28,ec4c47af2675385232fc10a36df55f674729c095c1af1bf264e1a0550b0c2e14
SRC063,531,2025-05-01,2025-05-27,7a9fc6efbf53f2b19650e8b3a147c3b58f4e08f7d163bbd03e595d6989f6d89f
SRC064,532,2025-06-02,2025-06-24,3418116899fa0f273edc4fb947022c708c7544ed6e699b3406e9728aa5f5187f
SRC065,531,2025-07-01,2025-07-28,2727ea39280db0cf0237c0872feeac5513152175b1f45b8b1bd7d78f7f24eedd
SRC066,526,2025-08-04,2025-08-26,366220402ca371169c8e407a4bb82ec42d9be5fa8edaca57137f72ec4efc215f
SRC067,278,2025-09-01,2025-09-10,6f6372ffdb8e1f14b8e7eee4d96b12af977c63f4cb85aa830fa02328abd30bd1
SRC068,384,2025-10-01,2025-10-23,18434a2b774d9b02c9cd30a5f6491339562b83b8276b4a46fe182e46711d0bb5
SRC069,364,2025-11-03,2025-11-25,785abdb083e4e6e746727cdc1258b9a203f8364fdbdfb15d0c0a8b51ae5126cd
SRC070,332,2025-12-01,2025-12-17,ed02f37c33510785226cc77c73c7d32e2e863c88d68cd7707335bbdb050dd53a
SRC071,312,2026-01-05,2026-01-29,c15a40b06e309eed208253d222e8762243a9180fb8713995fecfb22ed2dde3b2
SRC072,405,2026-02-02,2026-02-24,b6d94020771ef534ff8eef7b1b7bd549c61a3f4bb82cece4e3c89a0925fd5edb
SRC073,540,2026-03-02,2026-03-24,42a5f70d3205a625890cceb899b37834f00f005058a7f65a0c4b8427b8c68a27
SRC074,348,2026-04-01,2026-04-28,cf2984987b7a1722476f2ca7068ee2745d85c51462fdc497c9205bd0508e8f93
SRC075,545,2026-05-04,2026-05-27,119d767eef7e610926b66a5208c475c0ff6b75bdb2e239ba914d71fb3531dc69
SRC076,530,2026-06-01,2026-06-24,096b60b86782ec9b8318b7da2a05386b15e083b2c86e69376f47b7982a3fedb6
SRC077,402,2026-07-01,2026-07-28,651b6cd551cc0a6eb64e1b81e733c13d38d8e0ccf290218f4f2a2b927f8d6e74
