Source_ID,Source_Sheet,Expected_Record_Count,Expected_Date_Min,Expected_Date_Max,Resource_ID,Revision_ID,Acquisition_Strategy,Revision_Download_URLs,Expected_Curated_Content_SHA256,Known_Independent_Raw_SHA256,Dataset_Page,Upstream_License,Notes
SRC001,2003-01-01_2007-12-31_output,10010,2003-01-02,2007-12-27,7737beec-69f0-4173-8c1e-28cd358dd686,,ckan_resource_show,,bdd7db3f9ec40d19e89b8af043981d4de45b215280a2ba29fad29d819d9195bf,,https://data.gov.ua/dataset/surface-water-monitoring,Creative Commons Attribution 4.0 International (CC BY 4.0),
SRC002,2008-01-01_2012-12-30_output,11091,2008-01-03,2012-12-28,a92aa8d3-0612-4bbc-b13d-c2893061eb3d,,ckan_resource_show,,2ed2d10f6f6b601b9ebc766532f21df38c243faa64e00bac5ad9d3d24c010e5b,,https://data.gov.ua/dataset/surface-water-monitoring,Creative Commons Attribution 4.0 International (CC BY 4.0),
SRC003,2012-12-31_2015-12-31_output,7835,2013-01-02,2015-12-23,d2abc0aa-89c5-4a21-95ba-f1493575d261,,ckan_resource_show,,cc1e270f99441d6e601baeb37e354c82f322c1fe009a913b02e7f2c6b8e09ab1,,https://data.gov.ua/dataset/surface-water-monitoring,Creative Commons Attribution 4.0 International (CC BY 4.0),
SRC004,2016-01-01_2018-12-31_output,7937,2016-01-03,2018-12-27,c1ab3675-34ad-48f1-ae14-2b81cd4cd66f,,ckan_resource_show,,a19395389223ce9214ed26dfe200a8c5247a22bb5efb149b56674ad76b899159,,https://data.gov.ua/dataset/surface-water-monitoring,Creative Commons Attribution 4.0 International (CC BY 4.0),
SRC005,2019-01-01_2019-03-31_output,441,2019-01-03,2019-03-28,095aef91-3274-482d-8998-feea5c358f96,,ckan_resource_show,,ef0779a864908fad39018f3d5b641f32e503c3e14ef317b9173f2ec16cb7f9e3,,https://data.gov.ua/dataset/surface-water-monitoring,Creative Commons Attribution 4.0 International (CC BY 4.0),
SRC006,2019-04-01_2019-06-30_output,459,2019-04-01,2019-06-26,4ef44d26-f304-46ec-8d06-b531713d3c40,,ckan_resource_show,,7b11eeed5e1f610a7e2230bd8b82e968e084981296b0c7feb42d1fe96dd3c171,,https://data.gov.ua/dataset/surface-water-monitoring,Creative Commons Attribution 4.0 International (CC BY 4.0),
SRC007,2019-07-01_2019-09-30_output,498,2019-07-01,2019-09-30,384a196f-61f2-42ee-9423-af3c70e2a2cc,,ckan_resource_show,,d4178595b4ab0620c52aabf5cd8accce2ddf765d08e191bbcee733d362ba45bf,,https://data.gov.ua/dataset/surface-water-monitoring,Creative Commons Attribution 4.0 International (CC BY 4.0),
SRC008,2019-10-01_2019-12-31_output,514,2019-10-01,2019-12-24,be7f785a-0cb6-4bac-b226-3f7e38ded4ab,,ckan_resource_show,,51bac4eec5e1eab5c01e695c580bfb3d9aaaf89a50a64ea5f6d1733ec2dd2d8d,,https://data.gov.ua/dataset/surface-water-monitoring,Creative Commons Attribution 4.0 International (CC BY 4.0),
SRC009,2020-01-01_2020-03-31_output,669,2020-01-02,2020-03-25,8b3c25b9-5aaf-4741-b619-c28782033d97,,ckan_resource_show,,4bf6189b708fd8f5604a82fecc3d87ca66cb747dda3433a3028d32f50b5f27d1,,https://data.gov.ua/dataset/surface-water-monitoring,Creative Commons Attribution 4.0 International (CC BY 4.0),
SRC010,2020-04-01_2020-06-30_output,707,2020-04-01,2020-06-25,b3710c4f-9b8d-4cd5-a19e-6748e49a2fca,,ckan_resource_show,,0594b15917139e6a81aeda1e0f95f0fc4e993a195896070d616949d906cb6cfe,a856a4f6448e52ad18a84c9836807a56f0d2f0ac6ba69c4f3268676da1d0dfad,https://data.gov.ua/dataset/surface-water-monitoring,Creative Commons Attribution 4.0 International (CC BY 4.0),
SRC011,2020-07-01_2020-09-30_output,733,2020-07-01,2020-09-28,7c60980c-12b0-4e6f-b28e-9fe6c352af8d,,ckan_resource_show,,00881dc3562c99597c0e4e92927f04193af306be4d5fbf51fc9c14488d36421f,b605bcfc6c208a44734f261763acff735b4d98d5cfd75711ffe39e3087f77901,https://data.gov.ua/dataset/surface-water-monitoring,Creative Commons Attribution 4.0 International (CC BY 4.0),
SRC012,2020-10-01_2020-12-31_output,651,2020-10-01,2020-12-22,d7f4a9d5-ed1d-4e64-9e0a-218b1320b6eb,,ckan_resource_show,,5120afe69c96c0a3fa32e56e861d6172d6356240333e60227e23ca6ea9be0b32,eaf6e12def18da688b66a97056ac486c2e4a4a901bd637dda44c266e330c80b4,https://data.gov.ua/dataset/surface-water-monitoring,Creative Commons Attribution 4.0 International (CC BY 4.0),
SRC013,2021-01-01_2021-03_31-q1,560,2021-01-04,2021-03-31,7b131035-9867-492b-a3e7-6093b79a0425,,ckan_resource_show,,bef86bab5e5962f45fda87c4470f6847f29fa38f254439d78ae728a50e83a2f6,,https://data.gov.ua/dataset/surface-water-monitoring,Creative Commons Attribution 4.0 International (CC BY 4.0),
SRC014,2021-04-01_2021-04-30_output,309,2021-04-01,2021-04-28,f756920e-e691-4562-abd1-f9068c956db2,,ckan_resource_show,,15c06a9020b40c47ba0c354c4d39ac5fe0db3bd690b9e602e327d2277e01359e,,https://data.gov.ua/dataset/surface-water-monitoring,Creative Commons Attribution 4.0 International (CC BY 4.0),
SRC015,2021-05-01_2021-05-31_output,215,2021-05-03,2021-05-28,f2117099-3313-4a45-8848-8b6f1a139688,,ckan_resource_show,,3aafe22bf188bbbb2fdcb3b51ae14af50644b0953d4e1285091fc846d8eb80fd,,https://data.gov.ua/dataset/surface-water-monitoring,Creative Commons Attribution 4.0 International (CC BY 4.0),
SRC016,2021-06-01_2021-06-30_output,152,2021-06-01,2021-06-25,76978398-425d-4c4a-a461-3725a20ec9b2,,ckan_resource_show,,f2db966c2f9bd418b1198ddb9986d4a7ab3247c9e64fb329c684690b0474c0bb,,https://data.gov.ua/dataset/surface-water-monitoring,Creative Commons Attribution 4.0 International (CC BY 4.0),
SRC017,2021-07-01_2021-07-31_output,118,2021-07-02,2021-07-27,c883602e-5ffb-4fdb-b369-57c465106249,,ckan_resource_show,,e698d2387e054c9c8ed194dee1d09460b39c83c795fe6f48c23cc1740e13725a,,https://data.gov.ua/dataset/surface-water-monitoring,Creative Commons Attribution 4.0 International (CC BY 4.0),
SRC018,2021-08-01_2021-08-31_output,82,2021-08-02,2021-08-17,06fdf530-d8fb-4aeb-9b76-d259cb6c9ca8,,ckan_resource_show,,7c5982f4130b25af37cb797cc2ed786d14dfe38400a059e17a362e6af9f71ed3,,https://data.gov.ua/dataset/surface-water-monitoring,Creative Commons Attribution 4.0 International (CC BY 4.0),
SRC019,2021-09-01_2021-09-30_output,93,2021-09-01,2021-09-22,dface1ed-36c1-403e-aaf8-f666b9fa5834,,ckan_resource_show,,4f0ac6f3137d5c9897bb552fbf3910a6b8fb0c4c895fb11712a4f8d4ad44b93e,,https://data.gov.ua/dataset/surface-water-monitoring,Creative Commons Attribution 4.0 International (CC BY 4.0),
SRC020,2021-10-01_2021-10-31_output,100,2021-10-04,2021-10-26,feb34a5a-151b-4a67-b6ae-97cefec678e9,,ckan_resource_show,,2975ccba63902f51f8d7ef8a4ed6ab08dbf874a9ee6132cbcbbc0003ed8d68a0,,https://data.gov.ua/dataset/surface-water-monitoring,Creative Commons Attribution 4.0 International (CC BY 4.0),
SRC021,2021-11-01_2021-11-30_output,70,2021-11-01,2021-11-25,f3103187-10a7-4f65-80bf-211cd8250190,,ckan_resource_show,,d19a577d20d17a454b0c1d8d10dc38e462d23ae5368dd830e80d4bbb91ad63e6,,https://data.gov.ua/dataset/surface-water-monitoring,Creative Commons Attribution 4.0 International (CC BY 4.0),
SRC022,2021-12-01_2021-12-31_output,283,2021-12-01,2021-12-22,deef55ce-96a5-4aa2-b753-7ffc8855b871,,ckan_resource_show,,f18c7aaa9fd91c582818a0bcd6127a47fbf24779f1baf261a0e4fc0db64d9246,,https://data.gov.ua/dataset/surface-water-monitoring,Creative Commons Attribution 4.0 International (CC BY 4.0),
SRC023,2022-01-01_2022-01-31_output,148,2022-01-04,2022-01-26,189a4d76-fe15-4562-b819-5f790c7a6a0b,,ckan_resource_show,,3006735f2bd3ab6a442c631d5935bfd189abd006a3bacbc38ce6defa4d5d4932,,https://data.gov.ua/dataset/surface-water-monitoring,Creative Commons Attribution 4.0 International (CC BY 4.0),
SRC024,2022-02-01_2022-02-28_output,379,2022-02-01,2022-02-23,65ca8bcc-8792-4d96-a8d3-600ee42a80c3,,ckan_resource_show,,76df6bc8651340e3b17f090de676c677dcd584c3bf003a25a0063c602f396f0c,,https://data.gov.ua/dataset/surface-water-monitoring,Creative Commons Attribution 4.0 International (CC BY 4.0),
SRC025,2022-03-01_2022-03-31_output,184,2022-03-09,2022-03-30,f1ea5cde-2c69-4b97-8203-d9bcbfa32974,,ckan_resource_show,,22f13c851111a3437d9a508aef7a46aec4be16bc79e714dca3f27e27cc69cac0,,https://data.gov.ua/dataset/surface-water-monitoring,Creative Commons Attribution 4.0 International (CC BY 4.0),
SRC026,2022-04-01_2022-04-30_output,307,2022-04-04,2022-04-27,911776da-92ba-4638-ba56-43063153b68a,,ckan_resource_show,,567a2aa8131af050acd0770c0c10d610712221193ffc312861e0d538bcebe45f,,https://data.gov.ua/dataset/surface-water-monitoring,Creative Commons Attribution 4.0 International (CC BY 4.0),
SRC027,2022-05-01_2022-05-31_output,346,2022-05-02,2022-05-31,f973f957-7e6a-46c5-b2b4-d0ae3d94be33,,ckan_resource_show,,695dcd4f8df665e36a7459dc709f8a09cfb5b84f51a70ba9a0f183e84335caf8,,https://data.gov.ua/dataset/surface-water-monitoring,Creative Commons Attribution 4.0 International (CC BY 4.0),
SRC028,2022-06-01_2022-06-30_output,364,2022-06-01,2022-06-28,2af0d59d-6b85-4925-85aa-7f88c52f76cb,,ckan_resource_show,,6cd50a270ae9500777c1bfc044e912a2c37992633c0773e4e9063df6085d38ef,,https://data.gov.ua/dataset/surface-water-monitoring,Creative Commons Attribution 4.0 International (CC BY 4.0),
SRC029,2022-07-01_2022-07-31_output,298,2022-07-01,2022-07-28,52de98a2-2db5-498f-81f0-a0da2f819ad4,,ckan_resource_show,,77de257e0f88a708282a7e578fae6c61eda23acff9aa036648bdc80476321ac1,,https://data.gov.ua/dataset/surface-water-monitoring,Creative Commons Attribution 4.0 International (CC BY 4.0),
SRC030,2022-08-01_2022-08-31_output,92,2022-08-01,2022-08-23,364618a5-b82d-4019-b6f3-5b5e72eea42d,,ckan_resource_show,,78836c1730d0eb2d616903e78742bc69102cfa03404386d8105bd7d302790faa,,https://data.gov.ua/dataset/surface-water-monitoring,Creative Commons Attribution 4.0 International (CC BY 4.0),
SRC031,2022-09-01_2022-09-30_output,41,2022-09-05,2022-09-20,cfa7a23d-77a0-45fc-b66c-62e7771a44b9,,ckan_resource_show,,182798dfe9a52b5f014834041a5946f3d46a99aa65f3de8029e20a565529521e,,https://data.gov.ua/dataset/surface-water-monitoring,Creative Commons Attribution 4.0 International (CC BY 4.0),
SRC032,2022-10-01_2022-10-31_output,82,2022-10-03,2022-10-25,4227674c-4900-4e5e-a710-bb4d8b851f8b,,ckan_resource_show,,c1bde40435d42eeb2edc4ca72540d7678641b37fc2ebec2277f96be3f246df39,,https://data.gov.ua/dataset/surface-water-monitoring,Creative Commons Attribution 4.0 International (CC BY 4.0),
SRC033,2022-11-01_2022-11-30_output,40,2022-11-01,2022-11-21,cf232dee-ad74-424d-9c99-8661816c9d83,,ckan_resource_show,,0e218476e150d8cdc9b7e7797c4c7da294bc1f3b55f9c37a6a248c6f99c2bd32,,https://data.gov.ua/dataset/surface-water-monitoring,Creative Commons Attribution 4.0 International (CC BY 4.0),
SRC034,2022-12-01_2022-12-31_output,180,2022-12-05,2022-12-21,085d2f82-3473-4f4f-b671-a12c382bb4df,,ckan_resource_show,,b31fdd5173ea5599bdcea2144ccfd0df734e180be3a32c536ac9d2c2172673ef,,https://data.gov.ua/dataset/surface-water-monitoring,Creative Commons Attribution 4.0 International (CC BY 4.0),
SRC035,2023-01-01_2023-01-31_output,58,2023-01-04,2023-01-23,cc505d15-8d42-4d1a-a24a-cb65e030407a,,ckan_resource_show,,48b1cfbbe24d6b3d0a5ccc4fd451641dddd44c5a47c76cd1d9bb9cca892e63f4,,https://data.gov.ua/dataset/surface-water-monitoring,Creative Commons Attribution 4.0 International (CC BY 4.0),
SRC036,2023-02-01_2023-02-28_output,64,2023-02-01,2023-02-22,83d110b4-1294-4a05-a1e1-6c0479d8ca02,,ckan_resource_show,,800889cff130a7bc265905830bb527e97eac93e85758419361ee87a3d59b7f2e,,https://data.gov.ua/dataset/surface-water-monitoring,Creative Commons Attribution 4.0 International (CC BY 4.0),
SRC037,2023-03-01_2023-03-31_output,57,2023-03-06,2023-03-28,42a23bad-0e89-455b-bd6f-78ed0c4d46ea,,ckan_resource_show,,4ad6f6bea56b8546fbe0b33515f55b50b118c101ce069ebe4a4ab9233f62d308,,https://data.gov.ua/dataset/surface-water-monitoring,Creative Commons Attribution 4.0 International (CC BY 4.0),
SRC038,2023-04-01_2023-04-30_output,60,2023-04-03,2023-04-25,26ca497a-8082-4f56-b662-e5ebaf96d5c9,,ckan_resource_show,,2f4bf5d9d934a6183e99f022ee4719fd393e92c8123c5bb7a20c9593d6e0b87b,,https://data.gov.ua/dataset/surface-water-monitoring,Creative Commons Attribution 4.0 International (CC BY 4.0),
SRC039,2023-05-01_2023-05-31_output,59,2023-05-01,2023-05-23,8813a117-e40f-4597-b152-e37388372198,,ckan_resource_show,,0003dbd63423256c3f5fdde49f28d55c7b070847c392b3e33a807c8e75e1aed2,,https://data.gov.ua/dataset/surface-water-monitoring,Creative Commons Attribution 4.0 International (CC BY 4.0),
SRC040,2023-06-01_2023-06-30_output,46,2023-06-05,2023-06-20,b79954b2-c5aa-45fc-b8ca-877bf2eff1b2,,ckan_resource_show,,a668727149430051626a587d049916396a6fa5e4d0c2598b7c6a71327604a635,,https://data.gov.ua/dataset/surface-water-monitoring,Creative Commons Attribution 4.0 International (CC BY 4.0),
SRC041,2023-07-01_2023-07-31_output,301,2023-07-03,2023-07-25,ca8baffd-912c-4c21-ac05-18596183d446,,ckan_resource_show,,65e15dd2ac57ea08c0ef1c6276bb9e50cd4bf49d9cef2ab0b21dee35059979a0,,https://data.gov.ua/dataset/surface-water-monitoring,Creative Commons Attribution 4.0 International (CC BY 4.0),
SRC042,2023-08-01_2023-08-31_output,420,2023-08-01,2023-08-29,8057797c-37e4-4ccd-8fd2-aac31ea505ad,,ckan_resource_show,,014e5145f34baa1f84a54f7e4b3557e8098fb00daaeb967524d8b8eb21dea7fb,,https://data.gov.ua/dataset/surface-water-monitoring,Creative Commons Attribution 4.0 International (CC BY 4.0),
SRC043,2023-09-01_2023-09-30_output,65,2023-09-04,2023-09-20,3d4b8a4c-f15b-412c-8e47-ab740401e293,,ckan_resource_show,,b745fcaf39d33842bb375f3a1017055d46ccfa32f56e1d8f60682c2780bcbe47,,https://data.gov.ua/dataset/surface-water-monitoring,Creative Commons Attribution 4.0 International (CC BY 4.0),
SRC044,2023-10-01_2023-10-31_output,165,2023-10-02,2023-10-26,a91f96dc-fa99-4775-af94-314b6d825870,,ckan_resource_show,,b1e6b0e2c1f52adf196d656a20c6a21df8d974cf0e6003aaa97eda9e9b682cca,,https://data.gov.ua/dataset/surface-water-monitoring,Creative Commons Attribution 4.0 International (CC BY 4.0),
SRC045,2023-11-01_2023-11-30_output,216,2023-11-01,2023-11-28,83511314-a775-4c5b-b7dd-41f9c671d3f9,,ckan_resource_show,,39ee823ead87dc00f7ad7d06fc870fb6a381b08c09a066aac4c6e79f9ea1801c,,https://data.gov.ua/dataset/surface-water-monitoring,Creative Commons Attribution 4.0 International (CC BY 4.0),
SRC046,2023-12-01_2023-12-31_output,344,2023-12-01,2023-12-25,f5f1d5ec-3dba-43bd-a551-61d6ce3f3a25,,ckan_resource_show,,dfadfcef4a63eda9f2b7ea3b72c8da00a7b6cbb8e15b31904351301f8572f9ac,,https://data.gov.ua/dataset/surface-water-monitoring,Creative Commons Attribution 4.0 International (CC BY 4.0),
SRC047,2024-01-01_2024-01-31_output,400,2024-01-02,2024-01-31,2f6e53cd-0537-4c62-8b33-d80aed0cb662,,ckan_resource_show,,02e435cc70aaea06bb6b2b047edcff0ebd2c92f9f1235e16a2860eff5e964f7c,,https://data.gov.ua/dataset/surface-water-monitoring,Creative Commons Attribution 4.0 International (CC BY 4.0),
SRC048,2024-02-01_2024-02-29_output,95,2024-02-05,2024-02-21,b6eff6b2-7836-4935-a570-d7c8834a23b5,,ckan_resource_show,,cfc540e03467fa6f4f8704ad37ee23b940eea7bc5e9769489225ecccc37e8c11,,https://data.gov.ua/dataset/surface-water-monitoring,Creative Commons Attribution 4.0 International (CC BY 4.0),
SRC049,2024-03-01_2024-03-31_output,116,2024-03-04,2024-03-25,6277e33a-09fc-48ac-a570-1704dae80948,,ckan_resource_show,,fb11b4f63ac88f5ab65642e3bb0e0e5821b3adea288f8eaad55d3966ae7510cb,,https://data.gov.ua/dataset/surface-water-monitoring,Creative Commons Attribution 4.0 International (CC BY 4.0),
SRC050,2024-04-april,197,2024-04-01,2024-04-22,14d1af19-6090-486a-a8fc-008ba8bfd8cb,400318,direct_revision_url,https://data.gov.ua/dataset/133ce38c-9533-4fb0-b146-b211299a8731/resource/14d1af19-6090-486a-a8fc-008ba8bfd8cb/revision/400318/download,7fc5fb68b60b1751e512ace3ef7651df60d73a044844eb94362a303e3094a6f2,,https://data.gov.ua/dataset/surface-water-monitoring,Creative Commons Attribution 4.0 International (CC BY 4.0),
SRC051,2024-05-may,99,2024-05-01,2024-05-27,14d1af19-6090-486a-a8fc-008ba8bfd8cb,400319|403355,candidate_revision_urls,https://data.gov.ua/dataset/133ce38c-9533-4fb0-b146-b211299a8731/resource/14d1af19-6090-486a-a8fc-008ba8bfd8cb/revision/400319/download | https://data.gov.ua/dataset/133ce38c-9533-4fb0-b146-b211299a8731/resource/14d1af19-6090-486a-a8fc-008ba8bfd8cb/revision/403355/download,f29b6fc6e282c3594f026dac5c80a623e21515ae077ecc34c3481cb2cb414af4,,https://data.gov.ua/dataset/surface-water-monitoring,Creative Commons Attribution 4.0 International (CC BY 4.0),Two 2024-05 portal revisions; sampled rows match both. Exact local byte source requires archived original CSV.
SRC052,2024-06-june,189,2024-06-03,2024-06-19,14d1af19-6090-486a-a8fc-008ba8bfd8cb,406848,direct_revision_url,https://data.gov.ua/dataset/133ce38c-9533-4fb0-b146-b211299a8731/resource/14d1af19-6090-486a-a8fc-008ba8bfd8cb/revision/406848/download,deb22a1206fd5a7c0375ce0ef256ddd5cce0ca9683fc14af4d1ad6a55476cb47,,https://data.gov.ua/dataset/surface-water-monitoring,Creative Commons Attribution 4.0 International (CC BY 4.0),
SRC053,2024-07,168,2024-07-01,2024-07-23,14d1af19-6090-486a-a8fc-008ba8bfd8cb,410264,direct_revision_url,https://data.gov.ua/dataset/133ce38c-9533-4fb0-b146-b211299a8731/resource/14d1af19-6090-486a-a8fc-008ba8bfd8cb/revision/410264/download,bbfda78f2cee497089a3479d77e42bb97b4ee810f7ea5619990976c7a737df45,,https://data.gov.ua/dataset/surface-water-monitoring,Creative Commons Attribution 4.0 International (CC BY 4.0),Portal shows the same legacy checksum for different revisions; calculate independent SHA-256 for archived raw bytes.
SRC054,2024-08,331,2024-08-03,2024-08-31,14d1af19-6090-486a-a8fc-008ba8bfd8cb,413473,direct_revision_url,https://data.gov.ua/dataset/133ce38c-9533-4fb0-b146-b211299a8731/resource/14d1af19-6090-486a-a8fc-008ba8bfd8cb/revision/413473/download,d13cae7fb90606523871bd964f716c53278d346d176786c469018c7a7fb1317f,,https://data.gov.ua/dataset/surface-water-monitoring,Creative Commons Attribution 4.0 International (CC BY 4.0),Portal shows the same legacy checksum for different revisions; calculate independent SHA-256 for archived raw bytes.
SRC055,2024-09,887,2024-09-01,2024-09-30,14d1af19-6090-486a-a8fc-008ba8bfd8cb,417683,direct_revision_url,https://data.gov.ua/dataset/133ce38c-9533-4fb0-b146-b211299a8731/resource/14d1af19-6090-486a-a8fc-008ba8bfd8cb/revision/417683/download,5ef213e72bffeacb4d54adedcf9f197260a67e0351a451cb0f4a8744b8da0461,,https://data.gov.ua/dataset/surface-water-monitoring,Creative Commons Attribution 4.0 International (CC BY 4.0),
SRC056,2024-10,479,2024-10-01,2024-10-28,14d1af19-6090-486a-a8fc-008ba8bfd8cb,421735,direct_revision_url,https://data.gov.ua/dataset/133ce38c-9533-4fb0-b146-b211299a8731/resource/14d1af19-6090-486a-a8fc-008ba8bfd8cb/revision/421735/download,7498492f920384c953b29f97560d799156100d76be84cc72af6be28e4d3ecb02,,https://data.gov.ua/dataset/surface-water-monitoring,Creative Commons Attribution 4.0 International (CC BY 4.0),
SRC057,2024-11,336,2024-11-04,2024-11-25,14d1af19-6090-486a-a8fc-008ba8bfd8cb,426349,direct_revision_url,https://data.gov.ua/dataset/133ce38c-9533-4fb0-b146-b211299a8731/resource/14d1af19-6090-486a-a8fc-008ba8bfd8cb/revision/426349/download,8d0d6434e00db396ce5338c8ee50d88b7cd288c92592919c59ac262dc76575ff,,https://data.gov.ua/dataset/surface-water-monitoring,Creative Commons Attribution 4.0 International (CC BY 4.0),
SRC058,2024-12,382,2024-12-02,2024-12-24,14d1af19-6090-486a-a8fc-008ba8bfd8cb,431229,direct_revision_url,https://data.gov.ua/dataset/133ce38c-9533-4fb0-b146-b211299a8731/resource/14d1af19-6090-486a-a8fc-008ba8bfd8cb/revision/431229/download,bd82791159cfc2769ad84d41373edab253d30a43ac0fe32ad90ffbd66c663a9a,,https://data.gov.ua/dataset/surface-water-monitoring,Creative Commons Attribution 4.0 International (CC BY 4.0),
SRC059,2025-01,249,2025-01-04,2025-01-30,14d1af19-6090-486a-a8fc-008ba8bfd8cb,435259,direct_revision_url,https://data.gov.ua/dataset/133ce38c-9533-4fb0-b146-b211299a8731/resource/14d1af19-6090-486a-a8fc-008ba8bfd8cb/revision/435259/download,da4d94d96df7f6bb3db408e112c73e23e1c93858728a2ad9979bb085f077916c,,https://data.gov.ua/dataset/surface-water-monitoring,Creative Commons Attribution 4.0 International (CC BY 4.0),
SRC060,2025-02-february,279,2025-02-01,2025-02-19,14d1af19-6090-486a-a8fc-008ba8bfd8cb,461337,direct_revision_url,https://data.gov.ua/dataset/133ce38c-9533-4fb0-b146-b211299a8731/resource/14d1af19-6090-486a-a8fc-008ba8bfd8cb/revision/461337/download,76fbea28cd7d3cf59dcc7fb0446f519d0b540a3490b6be76477ec779e883f49f,,https://data.gov.ua/dataset/surface-water-monitoring,Creative Commons Attribution 4.0 International (CC BY 4.0),
SRC061,2025-03-march,529,2025-03-03,2025-03-30,14d1af19-6090-486a-a8fc-008ba8bfd8cb,461339,direct_revision_url,https://data.gov.ua/dataset/133ce38c-9533-4fb0-b146-b211299a8731/resource/14d1af19-6090-486a-a8fc-008ba8bfd8cb/revision/461339/download,b820e996cc4f4098727fdf8ad75a4eb8f4486dea134548d5c6a3508bd947eeea,,https://data.gov.ua/dataset/surface-water-monitoring,Creative Commons Attribution 4.0 International (CC BY 4.0),
SRC062,2025-04-april,531,2025-04-01,2025-04-28,14d1af19-6090-486a-a8fc-008ba8bfd8cb,461343,direct_revision_url,https://data.gov.ua/dataset/133ce38c-9533-4fb0-b146-b211299a8731/resource/14d1af19-6090-486a-a8fc-008ba8bfd8cb/revision/461343/download,ec4c47af2675385232fc10a36df55f674729c095c1af1bf264e1a0550b0c2e14,,https://data.gov.ua/dataset/surface-water-monitoring,Creative Commons Attribution 4.0 International (CC BY 4.0),
SRC063,2025-05-may,531,2025-05-01,2025-05-27,14d1af19-6090-486a-a8fc-008ba8bfd8cb,461346,direct_revision_url,https://data.gov.ua/dataset/133ce38c-9533-4fb0-b146-b211299a8731/resource/14d1af19-6090-486a-a8fc-008ba8bfd8cb/revision/461346/download,7a9fc6efbf53f2b19650e8b3a147c3b58f4e08f7d163bbd03e595d6989f6d89f,,https://data.gov.ua/dataset/surface-water-monitoring,Creative Commons Attribution 4.0 International (CC BY 4.0),
SRC064,2025-06-june,532,2025-06-02,2025-06-24,14d1af19-6090-486a-a8fc-008ba8bfd8cb,461351,direct_revision_url,https://data.gov.ua/dataset/133ce38c-9533-4fb0-b146-b211299a8731/resource/14d1af19-6090-486a-a8fc-008ba8bfd8cb/revision/461351/download,3418116899fa0f273edc4fb947022c708c7544ed6e699b3406e9728aa5f5187f,,https://data.gov.ua/dataset/surface-water-monitoring,Creative Commons Attribution 4.0 International (CC BY 4.0),
SRC065,2025-07-july,531,2025-07-01,2025-07-28,14d1af19-6090-486a-a8fc-008ba8bfd8cb,461353,direct_revision_url,https://data.gov.ua/dataset/133ce38c-9533-4fb0-b146-b211299a8731/resource/14d1af19-6090-486a-a8fc-008ba8bfd8cb/revision/461353/download,2727ea39280db0cf0237c0872feeac5513152175b1f45b8b1bd7d78f7f24eedd,,https://data.gov.ua/dataset/surface-water-monitoring,Creative Commons Attribution 4.0 International (CC BY 4.0),
SRC066,2025-08-august,526,2025-08-04,2025-08-26,14d1af19-6090-486a-a8fc-008ba8bfd8cb,461370,direct_revision_url,https://data.gov.ua/dataset/133ce38c-9533-4fb0-b146-b211299a8731/resource/14d1af19-6090-486a-a8fc-008ba8bfd8cb/revision/461370/download,366220402ca371169c8e407a4bb82ec42d9be5fa8edaca57137f72ec4efc215f,,https://data.gov.ua/dataset/surface-water-monitoring,Creative Commons Attribution 4.0 International (CC BY 4.0),
SRC067,2025-09-september,278,2025-09-01,2025-09-10,14d1af19-6090-486a-a8fc-008ba8bfd8cb,466130,direct_revision_url,https://data.gov.ua/dataset/133ce38c-9533-4fb0-b146-b211299a8731/resource/14d1af19-6090-486a-a8fc-008ba8bfd8cb/revision/466130/download,6f6372ffdb8e1f14b8e7eee4d96b12af977c63f4cb85aa830fa02328abd30bd1,,https://data.gov.ua/dataset/surface-water-monitoring,Creative Commons Attribution 4.0 International (CC BY 4.0),
SRC068,2025-10-october,384,2025-10-01,2025-10-23,14d1af19-6090-486a-a8fc-008ba8bfd8cb,471874,direct_revision_url,https://data.gov.ua/dataset/133ce38c-9533-4fb0-b146-b211299a8731/resource/14d1af19-6090-486a-a8fc-008ba8bfd8cb/revision/471874/download,18434a2b774d9b02c9cd30a5f6491339562b83b8276b4a46fe182e46711d0bb5,,https://data.gov.ua/dataset/surface-water-monitoring,Creative Commons Attribution 4.0 International (CC BY 4.0),
SRC069,2025-11-november,364,2025-11-03,2025-11-25,14d1af19-6090-486a-a8fc-008ba8bfd8cb,475923,direct_revision_url,https://data.gov.ua/dataset/133ce38c-9533-4fb0-b146-b211299a8731/resource/14d1af19-6090-486a-a8fc-008ba8bfd8cb/revision/475923/download,785abdb083e4e6e746727cdc1258b9a203f8364fdbdfb15d0c0a8b51ae5126cd,,https://data.gov.ua/dataset/surface-water-monitoring,Creative Commons Attribution 4.0 International (CC BY 4.0),
SRC070,2025-12-december,332,2025-12-01,2025-12-17,14d1af19-6090-486a-a8fc-008ba8bfd8cb,480855,direct_revision_url,https://data.gov.ua/dataset/133ce38c-9533-4fb0-b146-b211299a8731/resource/14d1af19-6090-486a-a8fc-008ba8bfd8cb/revision/480855/download,ed02f37c33510785226cc77c73c7d32e2e863c88d68cd7707335bbdb050dd53a,,https://data.gov.ua/dataset/surface-water-monitoring,Creative Commons Attribution 4.0 International (CC BY 4.0),
SRC071,2026-01-january,312,2026-01-05,2026-01-29,14d1af19-6090-486a-a8fc-008ba8bfd8cb,485884,direct_revision_url,https://data.gov.ua/dataset/133ce38c-9533-4fb0-b146-b211299a8731/resource/14d1af19-6090-486a-a8fc-008ba8bfd8cb/revision/485884/download,c15a40b06e309eed208253d222e8762243a9180fb8713995fecfb22ed2dde3b2,,https://data.gov.ua/dataset/surface-water-monitoring,Creative Commons Attribution 4.0 International (CC BY 4.0),
SRC072,2026-02-february,405,2026-02-02,2026-02-24,14d1af19-6090-486a-a8fc-008ba8bfd8cb,492272,direct_revision_url,https://data.gov.ua/dataset/133ce38c-9533-4fb0-b146-b211299a8731/resource/14d1af19-6090-486a-a8fc-008ba8bfd8cb/revision/492272/download,b6d94020771ef534ff8eef7b1b7bd549c61a3f4bb82cece4e3c89a0925fd5edb,,https://data.gov.ua/dataset/surface-water-monitoring,Creative Commons Attribution 4.0 International (CC BY 4.0),
SRC073,2026-03-01_2026-03-31_output,540,2026-03-02,2026-03-24,14d1af19-6090-486a-a8fc-008ba8bfd8cb,496552,direct_revision_url,https://data.gov.ua/dataset/133ce38c-9533-4fb0-b146-b211299a8731/resource/14d1af19-6090-486a-a8fc-008ba8bfd8cb/revision/496552/download,42a5f70d3205a625890cceb899b37834f00f005058a7f65a0c4b8427b8c68a27,,https://data.gov.ua/dataset/surface-water-monitoring,Creative Commons Attribution 4.0 International (CC BY 4.0),
SRC074,2026-04-01_2026-04-30_output,348,2026-04-01,2026-04-28,14d1af19-6090-486a-a8fc-008ba8bfd8cb,515626,direct_revision_url,https://data.gov.ua/dataset/133ce38c-9533-4fb0-b146-b211299a8731/resource/14d1af19-6090-486a-a8fc-008ba8bfd8cb/revision/515626/download,cf2984987b7a1722476f2ca7068ee2745d85c51462fdc497c9205bd0508e8f93,,https://data.gov.ua/dataset/surface-water-monitoring,Creative Commons Attribution 4.0 International (CC BY 4.0),
SRC075,2026-05-may,545,2026-05-04,2026-05-27,14d1af19-6090-486a-a8fc-008ba8bfd8cb,515627,direct_revision_url,https://data.gov.ua/dataset/133ce38c-9533-4fb0-b146-b211299a8731/resource/14d1af19-6090-486a-a8fc-008ba8bfd8cb/revision/515627/download,119d767eef7e610926b66a5208c475c0ff6b75bdb2e239ba914d71fb3531dc69,,https://data.gov.ua/dataset/surface-water-monitoring,Creative Commons Attribution 4.0 International (CC BY 4.0),
SRC076,2026-06-june,530,2026-06-01,2026-06-24,14d1af19-6090-486a-a8fc-008ba8bfd8cb,515631,direct_revision_url,https://data.gov.ua/dataset/133ce38c-9533-4fb0-b146-b211299a8731/resource/14d1af19-6090-486a-a8fc-008ba8bfd8cb/revision/515631/download,096b60b86782ec9b8318b7da2a05386b15e083b2c86e69376f47b7982a3fedb6,,https://data.gov.ua/dataset/surface-water-monitoring,Creative Commons Attribution 4.0 International (CC BY 4.0),
SRC077,2026-07-01_2026-07-31_output,402,2026-07-01,2026-07-28,14d1af19-6090-486a-a8fc-008ba8bfd8cb,519157,direct_revision_url,https://data.gov.ua/dataset/133ce38c-9533-4fb0-b146-b211299a8731/resource/14d1af19-6090-486a-a8fc-008ba8bfd8cb/revision/519157/download,651b6cd551cc0a6eb64e1b81e733c13d38d8e0ccf290218f4f2a2b927f8d6e74,,https://data.gov.ua/dataset/surface-water-monitoring,Creative Commons Attribution 4.0 International (CC BY 4.0),
